cost,distance
135.49478590346027,1.2944346735346173
0.8443727458123547,1.941146152262263e-09
