n_agents,mpc_n_t,control_strategy,cvx_time_MEAN,cvx_time_STD,cvx_time_nocoup_MEAN,cvx_time_nocoup_STD,cvx_ops_MEAN,cvx_ops_STD,cvx_ops_nocoup_MEAN,cvx_ops_nocoup_STD,cost_val_MEAN,cost_val_STD,avg_goal_dist_MEAN,avg_goal_dist_STD
1000,2,microcoup,6.219032224019369,1.0297165492422569,0.626785691579183,0.16915483376609292,0.0,0.0,0.0,0.0,12.431580255257169,4.8108560172656424e-05,0.002334603410596074,8.737651499396885e-10
1000,2,mesocoup,10.899625651041667,1.173045381236516,0.0,0.0,0.0,0.0,0.0,0.0,32.54132470362482,7.105427357601002e-15,2.6594612525398476,1.3322676295501878e-15
1000,4,microcoup,31.33636172612508,2.597416534839755,2.150792129834493,0.44066963449640234,0.0,0.0,0.0,0.0,2.488514726110728,4.440892098500626e-16,0.0023346658662228305,8.673617379884035e-19
1000,4,mesocoup,14.964770325024922,1.2993777007044636,0.021541372934977213,0.008999267650115658,0.0,0.0,0.0,0.0,1.9800882170239733,0.00021417995347653362,2.0536602547118687,0.0009473615813924986
1000,8,microcoup,49.89236248334249,4.231790356735555,16.357081683476768,1.487928362895417,0.0,0.0,0.0,0.0,0.08275138739802641,0.0,0.00347452945766193,1.734723475976807e-18
1000,8,mesocoup,15.80747865041097,1.879758055910239,0.18989309469858806,0.03886865231015249,0.0,0.0,0.0,0.0,0.14196084834820136,1.7492659564050697e-06,0.16332537800195757,9.779673500603845e-07
1000,16,microcoup,217.36917282740276,7.3775208782759725,79.74311940670013,5.268135942403179,0.0,0.0,0.0,0.0,0.007276104118483885,2.0284044817138843e-07,0.002376464244056182,4.080579696802705e-07
1000,16,mesocoup,19.068451595306396,2.9051022447243637,0.8182347615559896,0.12931743335852489,0.0,0.0,0.0,0.0,0.0030161617393361898,2.4816692625925334e-06,0.028230270400036332,1.1559014285567613e-05
