n_agents,mpc_n_t,control_strategy,cvx_time_MEAN,cvx_time_STD,cvx_time_nocoup_MEAN,cvx_time_nocoup_STD,cvx_ops_MEAN,cvx_ops_STD,cvx_ops_nocoup_MEAN,cvx_ops_nocoup_STD,cost_val_MEAN,cost_val_STD,avg_goal_dist_MEAN,avg_goal_dist_STD
1000,2,microcoup,6.463132739067078,0.9285663426150055,0.6738866885503133,0.16665444807638374,0.0,0.0,0.0,0.0,0.8443727458123542,4.440892098500626e-16,1.81756045982695e-09,4.62415319000161e-10
1000,2,mesocoup,3.485028783480326,0.5288998689786525,0.020188045501708985,0.010884976791613116,0.0,0.0,0.0,0.0,38.769396572259645,2.842170943040401e-14,4.444755938538815,2.6645352591003757e-15
1000,4,microcoup,13.758409229914347,2.133611528717137,3.4394669691721598,0.38398876645046637,0.0,0.0,0.0,0.0,6.250000000000003,4.440892098500626e-15,1.7930901208274008e-10,0.0
1000,4,mesocoup,4.035885794957479,0.5993136005137975,0.0854417324066162,0.03385614517489061,0.0,0.0,0.0,0.0,19.891724901503313,7.105427357601002e-15,0.7366208657415959,2.220446049250313e-16
1000,8,microcoup,74.31181316375732,10.38300718388822,11.934729941685994,3.372760525099145,0.0,0.0,0.0,0.0,14.583333333333368,7.105427357601002e-15,3.6406078152140253e-10,0.0
1000,8,mesocoup,10.16368392308553,1.2708382629539432,0.22665950457255046,0.05171926027274211,0.0,0.0,0.0,0.0,20.510268143377523,4.667130579170277e-07,0.033508651617933746,4.0984953734244017e-07
1000,16,microcoup,168.47851391633353,12.305388914241634,98.87176218032837,11.067149825806657,0.0,0.0,0.0,0.0,22.65624999999999,7.105427357601002e-15,3.6406433423508133e-10,0.0
1000,16,mesocoup,5.9730897108713785,0.8257902910258842,1.0019708156585694,0.1822470528346493,0.0,0.0,0.0,0.0,25.07044554099389,7.105427357601002e-15,0.08900666215703974,4.163336342344337e-17
