cost,distance
154.84544779841656,6.014671441565373
18.513988243419437,0.8727113438146827
0.4036341347533391,4.291695692160147e-10
1.657479537032692e-19,3.6406433423508133e-10
