cost,distance
161.0954477984163,6.014671441569084
24.763988243444555,0.8727113438184856
6.653634134756393,2.4441618684534206e-10
6.250000000000007,1.7930901208274008e-10
