cost,distance
185.2933000766741,8.254139216990424
72.79018692742278,5.294884600083384
16.516349568811282,2.226813622103436
2.4885147261107274,0.0023346658662228314
