n_agents,mpc_n_t,rad_max,control_strategy,cvx_time_MEAN,cvx_time_STD,cvx_time_nocoup_MEAN,cvx_time_nocoup_STD,cvx_ops_MEAN,cvx_ops_STD,cvx_ops_nocoup_MEAN,cvx_ops_nocoup_STD,cost_val_MEAN,cost_val_STD,avg_goal_dist_MEAN,avg_goal_dist_STD
1000,16,2,microcoup,167.05868881543478,12.476893963098624,98.39302736123403,9.643401996918618,0.0,0.0,0.0,0.0,22.65624999999999,7.105427357601002e-15,3.6406433423508133e-10,0.0
1000,16,2,mesocoup,6.034263563156128,0.7178093917289748,1.0301361799240112,0.21405673786270815,0.0,0.0,0.0,0.0,25.07044554099452,3.400398876651541e-12,0.08900664883918935,7.17188192871602e-08
1000,16,1,microcoup,400.6828214804331,18.628006587703435,44.6924305677414,11.5421367386304,0.0,0.0,0.0,0.0,22.65624999999999,7.105427357601002e-15,3.6406433423508133e-10,0.0
1000,16,1,mesocoup,29.284150314331054,3.329150584625494,0.8526424964269003,0.12010524026139317,0.0,0.0,0.0,0.0,25.07044555844472,3.490880295290048e-11,0.0015293599666124475,1.7007093934655837e-06
1000,16,0.5,microcoup,531.985973461469,34.581635875980645,26.414586981137592,8.13404535453532,0.0,0.0,0.0,0.0,22.65624999999999,7.105427357601002e-15,3.6406433423508133e-10,0.0
1000,16,0.5,mesocoup,28.28103228410085,4.241963151141108,0.8880712429682414,0.11716264359759947,0.0,0.0,0.0,0.0,25.070445558441296,3.120578626025073e-11,0.0015295015523973982,1.5848552352194027e-06
1000,16,0.25,microcoup,633.6203929662704,32.881892420297206,22.271713407834373,8.37108119765605,0.0,0.0,0.0,0.0,22.65624999999999,7.105427357601002e-15,3.6406433423508133e-10,0.0
1000,16,0.25,mesocoup,34.884794449806215,3.7529121323966006,0.8109417756398519,0.11465455081924829,0.0,0.0,0.0,0.0,25.070445558431313,3.4802992513781305e-11,0.00023469557351834232,1.2926071141730586e-08
