cost,distance
191.19590607490952,7.278482728261205
61.60536356907748,4.570153143830924
13.905770968228621,2.511945492810566
1.9799920390025683,2.053878920837382
