cost,distance
177.59690773145408,5.355575377664576
39.96461167874785,2.789580246077232
4.029664381214123,1.918847180959872
2.97951316325441,0.7336768656268131
