cost,distance
200.37887473144377,7.903341986525036
76.49176880189849,5.196117589288399
21.561777312923805,2.787177415791339
5.451436762224556,1.4187932082951615
0.795354634971893,1.0829292031017967
0.11604078391854473,1.0245431384772732
0.016930137752872634,1.0156630587712214
0.0024700760771487664,1.0143397917188886
