cost,distance
174.6918498846598,4.477146494467748
32.50475053455385,2.6581138203277277
