cost,distance
174.69193155109127,4.482269848081396
32.541324703624824,2.659461252539849
