cost,distance
189.4382166560105,5.347668405958424
40.77869851220777,2.3218829735069755
22.82974661403721,1.1706901145391881
19.89172490150332,0.7366208657415957
