cost,distance
172.82915857223128,9.237220584762094
113.47296666688521,7.652815675584025
70.61551820995028,6.165795610403911
41.13181320142654,4.795447228994667
21.90448287984525,3.5089312079436596
10.145013029334473,2.2587095778500155
3.6972390942873243,1.0195910902610283
0.8546323356801531,0.22731224789030408
0.05475458594725529,0.0
0.0,0.0
0.0,0.0
0.0,0.0
0.0,0.0
0.0,0.0
0.0,0.0
0.0,0.0
