cost,distance
259.6878183212988,9.904957494246002
172.9613345375546,8.506167462343818
77.14090217974258,6.59117750266069
40.94209414059869,4.851053029418733
19.197495656728314,3.3410751871159063
7.407106728131439,1.8410751871159063
1.801621762818467,0.34108610786418764
0.08275138739802641,0.003474529457661932
