cost,distance
171.15246661009192,6.201949322555641
38.769396572259616,4.444755938538813
