cost,distance
135.49478590346126,1.2944346734965544
0.8443727457636852,4.594550677694542e-10
