cost,distance
148.11118216957453,4.982709971031815
12.431760261006703,0.0023346066799259024
