n_steps,n_agents,control_strategy,cvx_time_MEAN,cvx_time_STD,cvx_time_nocoup_MEAN,cvx_time_nocoup_STD,cvx_ops_MEAN,cvx_ops_STD,cvx_ops_nocoup_MEAN,cvx_ops_nocoup_STD,cost_val_MEAN,cost_val_STD,avg_goal_dist_MEAN,avg_goal_dist_STD,j0_val_MEAN,j0_val_STD
5,10,micro,0.4693350433354984,0.09365807974428685,0.4693350433354984,0.09365807974428685,0.0,0.0,0.0,0.0,28.92259399976495,2.9558342222358265,3.829695084695949,0.19904780459387578,57.8451879995299,5.911668444471652
5,10,mesocoup,0.7086576466659608,0.14835899138880876,0.7086576466659608,0.14835899138880876,0.0,0.0,0.0,0.0,28.450283578661885,3.982044511847701,3.8593629324576435,0.2606083599276523,65.77184127694214,8.045197281105516
5,10,micro,0.42235656999990473,0.08024834035556239,0.42235656999990473,0.08024834035556239,0.0,0.0,0.0,0.0,28.709407524843073,4.280533378372713,3.811002791700389,0.29759662107074863,57.41881504968615,8.561066756745427
5,10,mesocoup,0.3498363599999114,0.06082898510445127,0.34667900666657564,0.06697333906297102,0.0,0.0,0.0,0.0,26.220207047503724,4.49260265799349,3.7036942095877974,0.3142116846906278,62.14623698321419,10.756978936977307
5,100,micro,1.0167045200000606,0.20986449157848794,1.0167045200000606,0.20986449157848794,0.0,0.0,0.0,0.0,28.14683040334538,0.928620026034009,3.7678997596786394,0.0685617042839589,56.29366080669076,1.8572400520680148
5,100,mesocoup,0.4170453433333781,0.06831822311144624,0.28127904333341575,0.06370340044291413,0.0,0.0,0.0,0.0,26.375843905229566,1.3222038516227919,3.751654202613893,0.10188481233277157,54.885263773700494,3.638954801175797
