n_agents,mpc_n_t,control_strategy,cvx_time_MEAN,cvx_time_STD,cvx_time_nocoup_MEAN,cvx_time_nocoup_STD,cvx_ops_MEAN,cvx_ops_STD,cvx_ops_nocoup_MEAN,cvx_ops_nocoup_STD,cost_val_MEAN,cost_val_STD,avg_goal_dist_MEAN,avg_goal_dist_STD
10,16,microcoup,0.7472387870152791,0.028160227674758644,0.7472387870152791,0.028160227674758644,0.0,0.0,0.0,0.0,22.65625,0.0,0.0,0.0
10,16,mesocoup,0.8736130158106487,0.029280714248076843,0.8736130158106487,0.029280714248076843,0.0,0.0,0.0,0.0,25.07044551378328,0.0,0.6622742665679494,0.0
100,16,microcoup,10.746445441246033,0.6713358482334338,8.802665456136067,0.7508558318565562,0.0,0.0,0.0,0.0,22.65625,0.0,3.730349362740526e-14,0.0
100,16,mesocoup,1.19405304590861,0.09655272516982677,0.9535484313964844,0.10338443381145003,0.0,0.0,0.0,0.0,25.07044554915429,4.985285552414234e-10,0.08702143597637532,2.8365605478886003e-05
1000,16,microcoup,168.86843152046202,11.24425998549226,100.16770443121592,9.877439413243563,0.0,0.0,0.0,0.0,22.65624999999999,7.105427357601002e-15,3.6406433423508133e-10,0.0
1000,16,mesocoup,5.987621386845906,0.6583831713270694,1.0441412210464478,0.20542806842894837,0.0,0.0,0.0,0.0,25.070445540994523,3.4003905868405324e-12,0.08900664883918935,7.17188192871602e-08
