n_agents,mpc_n_t,control_strategy,cvx_time_MEAN,cvx_time_STD,cvx_time_nocoup_MEAN,cvx_time_nocoup_STD,cvx_ops_MEAN,cvx_ops_STD,cvx_ops_nocoup_MEAN,cvx_ops_nocoup_STD,cost_val_MEAN,cost_val_STD,avg_goal_dist_MEAN,avg_goal_dist_STD
10,16,microcoup,0.7935825268427531,0.041835231634757206,0.7935825268427531,0.041835231634757206,0.0,0.0,0.0,0.0,0.0,0.0,0.0,0.0
10,16,mesocoup,0.9259127775828043,0.03925081980260438,0.9259127775828043,0.03925081980260438,0.0,0.0,0.0,0.0,0.0031912405802194807,1.3010426069826053e-18,0.6642220989419451,3.3306690738754696e-16
100,16,microcoup,10.458022101720173,0.8856821562425752,5.55045473575592,0.8965526547030851,0.0,0.0,0.0,0.0,0.0022466610652266744,8.673617379884035e-19,3.739231146937527e-14,6.310887241768095e-30
100,16,mesocoup,1.278698476155599,0.09806031962651596,1.018134093284607,0.11157869873148264,0.0,0.0,0.0,0.0,0.00243662954640996,6.476245334369268e-06,0.1807695515593727,5.66517037675564e-05
1000,16,microcoup,219.50934408505756,5.531416207225832,80.54615532557169,5.071477299056291,0.0,0.0,0.0,0.0,0.007276141785009506,4.336808689942018e-18,0.002376540018518858,0.0
1000,16,mesocoup,19.904972592989605,3.0317611608317,0.9366493145624797,0.15189437810589,0.0,0.0,0.0,0.0,0.003015777596294964,2.2265533885231744e-06,0.0282284832693415,1.0352243023556474e-05
