n_agents,mpc_n_t,control_strategy,cvx_time_MEAN,cvx_time_STD,cvx_time_nocoup_MEAN,cvx_time_nocoup_STD,cvx_ops_MEAN,cvx_ops_STD,cvx_ops_nocoup_MEAN,cvx_ops_nocoup_STD,cost_val_MEAN,cost_val_STD,avg_goal_dist_MEAN,avg_goal_dist_STD
10,16,microcoup,0.7752898772557576,0.03932006445316254,0.7752898772557576,0.03932006445316254,0.0,0.0,0.0,0.0,0.0,0.0,0.0,0.0
10,16,mesocoup,0.8900550047556559,0.039508117135173104,0.8900550047556559,0.039508117135173104,0.0,0.0,0.0,0.0,2.407355366844877e-07,1.0587911840678754e-22,0.6622734977571966,2.220446049250313e-16
100,16,microcoup,10.206880148251852,0.8180125674826847,8.274788951873779,0.9335367456000393,0.0,0.0,0.0,0.0,1.945330992275015e-27,0.0,3.730349362740526e-14,0.0
100,16,mesocoup,1.210586675008138,0.09404947893115577,0.9726725896199544,0.11881913796562596,0.0,0.0,0.0,0.0,2.529848093487343e-07,5.621206128169943e-10,0.178396725440534,3.3635491041793414e-05
1000,16,microcoup,160.2795436302821,11.941722561597045,92.01952564716339,7.020784223104963,0.0,0.0,0.0,0.0,1.7758934797133287e-19,0.0,3.6406433423508133e-10,0.0
1000,16,mesocoup,17.95966686407725,1.7578968484711477,0.9768677552541097,0.22851303394225625,0.0,0.0,0.0,0.0,3.008398222061971e-07,7.632218973906964e-12,0.009131216777238748,1.6861962117992874e-07
